month,new_users,moving_avg_growth
2008-01,1,0.00000000
2008-02,1,0.00000000
2008-03,2,0.33333333
2008-04,2,0.33333333
2008-05,2,0.33333333
2008-06,3,0.16666667
2008-07,3,0.16666667
2008-08,3,0.16666667
2008-09,2,-0.11110000
2008-10,2,-0.11110000
2008-11,3,0.05556667
2008-12,3,0.16666667
