month,arpu,arppu,ltv
2008-01,800.000000,800.000000,800.0000000000
2008-04,950.000000,950.000000,475.0000000000
2008-05,1000.000000,1000.000000,500.0000000000
2008-06,1050.000000,1050.000000,699.9300000000
2008-07,1100.000000,1100.000000,366.6300000000
2008-08,1150.000000,1150.000000,766.5900000000
2008-09,1200.000000,1200.000000,600.0000000000
2008-10,1250.000000,1250.000000,625.0000000000
2008-11,1300.000000,1300.000000,433.2900000000
